INSERT INTO user_lab (username, email)
VALUES ('Pere', 'pere@tecnocampus.cat'),
       ('Joan', 'joan@tecnocampus.cat'),
       ('Marta', 'marta@tecnocampus.cat'),
       ('Anna', 'anna@tecnocampus.cat'),
       ('Jordi', 'jordi@tecnocampus.cat');
INSERT INTO user_lab (username, email)
VALUES
    ('Maria', 'maria@tecnocampus.cat'),
    ('Joana', 'joana@tecnocampus.cat'),
    ('Nadia', 'nadia@tecnocampus.cat');


INSERT INTO note (title, content, creation_date, owner_id)
VALUES ('Spring Boot Introduction', 'This note is about the basics of Spring Boot.', DATEADD('DAY', -1, CURRENT_DATE()), 1),
       ('Spring Data JPA', 'This note is about using Spring Data JPA for database operations.', DATEADD('DAY', -1, CURRENT_DATE()), 1),
       ('Spring Security', 'This note is about securing applications with Spring Security.', DATEADD('DAY', -1, CURRENT_DATE()), 1);
INSERT INTO note (title, content, creation_date, owner_id)
VALUES ('Spring MVC', 'This note is about the basics of Spring MVC.', DATEADD('DAY', -1, CURRENT_DATE()), 2),
       ('Spring REST', 'This note is about creating RESTful APIs with Spring.', DATEADD('DAY', -1, CURRENT_DATE()), 2);
INSERT INTO note (title, content, creation_date, owner_id)
VALUES
('Spring Note 1', 'This note is about Spring.', DATEADD('DAY', -1, CURRENT_DATE()), 6),
('Spring Note 2', 'This note is about Spring.', DATEADD('DAY', -2, CURRENT_DATE()), 6),
('Spring Note 3', 'This note is about Spring.', DATEADD('DAY', -3, CURRENT_DATE()), 6),
('Spring Note 4', 'This note is about Spring.', DATEADD('DAY', -4, CURRENT_DATE()), 6),
( 'Spring Note 5', 'This note is about Spring.', DATEADD('DAY', -5, CURRENT_DATE()), 6),
( 'Spring Note 6', 'This note is about Spring.', DATEADD('DAY', -6, CURRENT_DATE()), 6),
( 'Spring Note 7', 'This note is about Spring.', DATEADD('DAY', -7, CURRENT_DATE()), 6),
( 'Spring Note 8', 'This note is about Spring.', DATEADD('DAY', -8, CURRENT_DATE()), 6),
( 'Spring Note 9', 'This note is about Spring.', DATEADD('DAY', -9, CURRENT_DATE()), 6),
( 'Spring Note 10', 'This note is about Spring.', DATEADD('DAY', -10, CURRENT_DATE()), 6),
( 'Spring Note 1', 'This note is about Spring.', DATEADD('DAY', -1, CURRENT_DATE()), 7),
( 'Spring Note 2', 'This note is about Spring.', DATEADD('DAY', -2, CURRENT_DATE()), 7),
( 'Spring Note 3', 'This note is about Spring.', DATEADD('DAY', -3, CURRENT_DATE()), 7),
( 'Spring Note 4', 'This note is about Spring.', DATEADD('DAY', -4, CURRENT_DATE()), 7),
( 'Spring Note 5', 'This note is about Spring.', DATEADD('DAY', -5, CURRENT_DATE()), 7),
( 'Spring Note 6', 'This note is about Spring.', DATEADD('DAY', -6, CURRENT_DATE()), 7),
( 'Spring Note 7', 'This note is about Spring.', DATEADD('DAY', -7, CURRENT_DATE()), 7),
( 'Spring Note 8', 'This note is about Spring.', DATEADD('DAY', -8, CURRENT_DATE()), 7),
( 'Spring Note 9', 'This note is about Spring.', DATEADD('DAY', -9, CURRENT_DATE()), 7),
( 'Spring Note 10', 'This note is about Spring.', DATEADD('DAY', -10, CURRENT_DATE()), 7),
( 'Spring Note 11', 'This note is about Spring.', DATEADD('DAY', -11, CURRENT_DATE()), 7),
( 'Spring Note 12', 'This note is about Spring.', DATEADD('DAY', -12, CURRENT_DATE()), 7),
( 'Spring Note 13', 'This note is about Spring.', DATEADD('DAY', -13, CURRENT_DATE()), 7),
( 'Spring Note 14', 'This note is about Spring.', DATEADD('DAY', -14, CURRENT_DATE()), 7),
( 'Spring Note 15', 'This note is about Spring.', DATEADD('DAY', -15, CURRENT_DATE()), 7),
( 'Spring Note 16', 'This note is about Spring.', DATEADD('DAY', -16, CURRENT_DATE()), 7),
( 'Spring Note 17', 'This note is about Spring.', DATEADD('DAY', -17, CURRENT_DATE()), 7),
( 'Spring Note 18', 'This note is about Spring.', DATEADD('DAY', -18, CURRENT_DATE()), 7),
( 'Spring Note 19', 'This note is about Spring.', DATEADD('DAY', -19, CURRENT_DATE()), 7),
( 'Spring Note 20', 'This note is about Spring.', DATEADD('DAY', -20, CURRENT_DATE()), 7),
( 'Spring Note 1', 'This note is about Spring.', DATEADD('DAY', -1, CURRENT_DATE()), 8),
( 'Spring Note 2', 'This note is about Spring.', DATEADD('DAY', -2, CURRENT_DATE()), 8),
( 'Spring Note 3', 'This note is about Spring.', DATEADD('DAY', -3, CURRENT_DATE()), 8),
( 'Spring Note 4', 'This note is about Spring.', DATEADD('DAY', -4, CURRENT_DATE()), 8),
( 'Spring Note 5', 'This note is about Spring.', DATEADD('DAY', -5, CURRENT_DATE()), 8),
( 'Spring Note 6', 'This note is about Spring.', DATEADD('DAY', -6, CURRENT_DATE()), 8),
( 'Spring Note 7', 'This note is about Spring.', DATEADD('DAY', -7, CURRENT_DATE()), 8),
( 'Spring Note 8', 'This note is about Spring.', DATEADD('DAY', -8, CURRENT_DATE()), 8),
( 'Spring Note 9', 'This note is about Spring.', DATEADD('DAY', -9, CURRENT_DATE()), 8),
( 'Spring Note 10', 'This note is about Spring.', DATEADD('DAY', -10, CURRENT_DATE()), 8),
( 'Spring Note 11', 'This note is about Spring.', DATEADD('DAY', -11, CURRENT_DATE()), 8),
( 'Spring Note 12', 'This note is about Spring.', DATEADD('DAY', -12, CURRENT_DATE()), 8),
( 'Spring Note 13', 'This note is about Spring.', DATEADD('DAY', -13, CURRENT_DATE()), 8),
( 'Spring Note 14', 'This note is about Spring.', DATEADD('DAY', -14, CURRENT_DATE()), 8),
( 'Spring Note 15', 'This note is about Spring.', DATEADD('DAY', -15, CURRENT_DATE()), 8),
( 'Spring Note 16', 'This note is about Spring.', DATEADD('DAY', -16, CURRENT_DATE()), 8),
( 'Spring Note 17', 'This note is about Spring.', DATEADD('DAY', -17, CURRENT_DATE()), 8),
( 'Spring Note 18', 'This note is about Spring.', DATEADD('DAY', -18, CURRENT_DATE()), 8),
( 'Spring Note 19', 'This note is about Spring.', DATEADD('DAY', -19, CURRENT_DATE()), 8),
( 'Spring Note 20', 'This note is about Spring.', DATEADD('MONTH', -2, CURRENT_DATE()), 8),
( 'Spring Note 21', 'This note is about Spring.', DATEADD('MONTH', -2, CURRENT_DATE()), 8),
( 'Spring Note 22', 'This note is about Spring.', DATEADD('MONTH', -2, CURRENT_DATE()), 8),
( 'Spring Note 23', 'This note is about Spring.', DATEADD('MONTH', -2, CURRENT_DATE()), 8),
( 'Spring Note 24', 'This note is about Spring.', DATEADD('MONTH', -2, CURRENT_DATE()), 8),
( 'Spring Note 25', 'This note is about Spring.', DATEADD('MONTH', -2, CURRENT_DATE()), 8),
( 'Spring Note 26', 'This note is about Spring.', DATEADD('MONTH', -2, CURRENT_DATE()), 8),
( 'Spring Note 27', 'This note is about Spring.', DATEADD('MONTH', -2, CURRENT_DATE()), 8),
( 'Spring Note 28', 'This note is about Spring.', DATEADD('MONTH', -2, CURRENT_DATE()), 8),
( 'Spring Note 29', 'This note is about Spring.', DATEADD('MONTH', -2, CURRENT_DATE()), 8),
( 'Spring Note 30', 'This note is about Spring.', DATEADD('MONTH', -2, CURRENT_DATE()), 8);

INSERT INTO tag (name)
VALUES ('Spring Boot'),
       ('Spring MVC'),
       ('Spring Data JPA'),
       ('Spring Security'),
       ('Spring REST'),
       ('Spring Cloud'),
       ('Spring AOP');

INSERT INTO note_tag (note_id, tag_name)
VALUES (1, 'Spring Boot'),
       (1, 'Spring MVC'),
       (1, 'Spring REST'),
       (3, 'Spring MVC'),
       (3, 'Spring REST'),
       (4, 'Spring Boot'),
       (4, 'Spring Data JPA'),
       (2, 'Spring MVC');

INSERT INTO note_tag (note_id, tag_name)
VALUES (6, 'Spring Boot'), (6, 'Spring Cloud'),
       (7, 'Spring Data JPA'), (7, 'Spring Security'),
       (8, 'Spring REST'), (8, 'Spring AOP'),
       (9, 'Spring MVC'), (9, 'Spring Cloud'),
       (10, 'Spring Boot'), (10, 'Spring Security'),
       (11, 'Spring Data JPA'), (11, 'Spring Cloud'),
       (12, 'Spring Security'), (12, 'Spring Boot'),
       (13, 'Spring Data JPA'), (13, 'Spring Cloud'),
       (14, 'Spring Boot'), (14, 'Spring MVC'),
       (15, 'Spring Security'), (15, 'Spring Cloud'),
       (16, 'Spring Boot'), (16, 'Spring Data JPA'),
       (17, 'Spring MVC'), (17, 'Spring Cloud'),
       (18, 'Spring Boot'), (18, 'Spring Security'),
       (19, 'Spring Data JPA'), (19, 'Spring Cloud'),
       (20, 'Spring Boot'), (20, 'Spring MVC'),
       (21, 'Spring Security'), (21, 'Spring Cloud'),
       (22, 'Spring Boot'), (22, 'Spring Data JPA'),
       (23, 'Spring MVC'), (23, 'Spring Cloud'),
       (24, 'Spring Boot'), (24, 'Spring Security'),
       (25, 'Spring Data JPA'), (25, 'Spring Cloud'),
       (26, 'Spring Boot'), (26, 'Spring MVC'),
       (27, 'Spring Security'), (27, 'Spring Cloud'),
       (28, 'Spring Boot'), (28, 'Spring Data JPA'),
       (29, 'Spring MVC'), (29, 'Spring Cloud'),
       (30, 'Spring Boot'), (30, 'Spring Security'),
       (31, 'Spring Data JPA'), (31, 'Spring Cloud'),
       (32, 'Spring Boot'), (32, 'Spring MVC'),
       (33, 'Spring Security'), (33, 'Spring Cloud'),
       (34, 'Spring Boot'), (34, 'Spring Data JPA'),
       (35, 'Spring MVC'), (35, 'Spring Cloud');

INSERT INTO permission (user_id, note_id, can_read, can_edit) VALUES (2, 1, true, true);
